URL,Last crawled
https://loadsaathi.in/blog/bhubaneswar-logistics-guide,1970-01-01
https://loadsaathi.in/blog/coal-transport-jharkhand,1970-01-01
https://loadsaathi.in/blog/east-india-freight-corridors,1970-01-01
https://loadsaathi.in/blog/how-to-become-truck-owner-india,1970-01-01
https://loadsaathi.in/blog/how-to-ship-steel-india,1970-01-01
https://loadsaathi.in/blog/how-to-ship-textiles-india,1970-01-01
https://loadsaathi.in/blog/indian-logistics-eway-bill-gst-2026,1970-01-01
https://loadsaathi.in/blog/jamshedpur-industrial-logistics,1970-01-01
https://loadsaathi.in/blog/jamshedpur-to-kolkata-freight-rates,1970-01-01
https://loadsaathi.in/blog/kolkata-logistics-guide,1970-01-01
https://loadsaathi.in/blog/monsoon-logistics-tips,1970-01-01
https://loadsaathi.in/blog/ptl-vs-ftl-difference,1970-01-01
https://loadsaathi.in/blog/ranchi-logistics-guide,1970-01-01
https://loadsaathi.in/blog/rourkela-logistics-guide,1970-01-01
https://loadsaathi.in/blog/rourkela-to-ranchi-trucking-rates,1970-01-01
https://loadsaathi.in/blog/seafood-transport-odisha,1970-01-01
https://loadsaathi.in/blog/shipping-agricultural-products-india,1970-01-01
https://loadsaathi.in/compare,1970-01-01
https://loadsaathi.in/guide/ptl-vs-ftl,1970-01-01
https://loadsaathi.in/guide/shipping-steel,1970-01-01
https://loadsaathi.in/location/bhubaneswar,1970-01-01
https://loadsaathi.in/location/jamshedpur,1970-01-01
https://loadsaathi.in/location/ranchi,1970-01-01
https://loadsaathi.in/location/rourkela,1970-01-01
https://loadsaathi.in/routes/bhubaneswar-to-vizag,1970-01-01
https://loadsaathi.in/routes/rourkela-to-kolkata,1970-01-01
https://loadsaathi.in/solutions/shippers,1970-01-01
